ID	686_687	690_691	682_683	692_693	683_684	687_688	684_685	685_686	689_690	691_692	688_689	693_694	827_828	842_843	825_826	832_833	826_827	823_824	824_825	829_830	830_831	843_844	831_832	989_990	847_848	985_986	849_850	836_837	848_849	834_835	835_836	990_991	850_851	997_998	846_847	851_852	845_846	812_813	852_853	810_811	986_987	996_997	811_812	994_995	991_992	995_996	999_1000	998_999	993_994	992_993	988_989	853_854	854_855	857_858	1003_1004	856_857	859_860	1002_1003	1004_1005	987_988	1001_1002	1000_1001	855_856	858_859	860_861	865_866	861_862	864_865	803_804	1006_1007	802_803	863_864	804_805	891_892	862_863	1005_1006	890_891	1007_1008	806_807	893_894	1012_1013	809_810	892_893	1014_1015	1009_1010	1008_1009	807_808	1011_1012	808_809	1010_1011	805_806	894_895	896_897	1018_1019	898_899	1023_1024	1016_1017	1021_1022	899_900	1019_1020
int	1	1	1	1	1	1	1	1	1	1	1	1	1	1	1	1	1	1	1	1	1	1	1	1	1	1	1	1	1	1	1	1	1	1	1	1	1	1	1	1	1	1	1	1	1	1	1	1	1	1	1	1	1	1	1	1	1	1	1	1	1	1	1	1	1	1	1	1	1	1	1	1	1	1	1	1	1	1	1	1	1	1	1	1	1	1	1	1	1	1	1	1	1	1	1	1	1	1	1	1
sex	0	0	0	1	0	1	1	1	0	0	0	1	0	1	1	1	1	1	0	0	1	0	1	0	1	1	1	0	1	0	1	1	0	0	1	1	0	1	1	1	0	1	0	1	1	1	1	0	0	1	1	1	0	1	1	1	1	0	1	1	1	1	1	1	1	1	1	1	1	0	0	0	0	1	1	0	1	1	0	1	1	1	1	1	1	0	1	1	1	1	0	0	1	1	1	1	0	1	1	0
age	69	68	73	62	78	63	75	75	59	66	66	88	71	75	65	71	69	75	66	66	68	62	68	61	74	76	81	72	84	64	64	69	64	68	77	66	81	51	65	77	69	68	50	66	76	71	62	71	69	63	81	59	74	59	58	60	46	73	74	74	57	73	22	53	49	66	67	61	54	73	70	69	53	57	45	66	65	75	49	67	70	49	79	70	72	71	35	67	40	71	57	75	64	68	63	60	68	75	91	69
expr_pc1	-0.124474324	0.19656768	0.30178255	0.0887566	-0.021431051	-0.25585857	0.22359563	-0.015754145	0.04683348	-0.093190394	-0.53668284	-0.5343573	-1.1510227	-1.5474952	-2.0656378	-1.5148473	-1.5364026	-1.4235418	-1.5048952	-1.2442374	-1.406609	-1.5106337	-1.3658481	-1.6562036	-1.738113	-2.241716	-2.2370825	-1.7758397	-1.2705399	-2.2395449	-1.744031	-1.7093129	-1.8627442	-1.3666321	-2.245514	-2.0448308	-1.0521837	-1.532937	-0.67736244	-1.2926604	-0.8888206	-0.85079396	-1.0734507	-1.0428257	-1.0167049	-1.7009223	-1.2514989	-1.191063	-1.3708636	-0.8687627	-1.164897	-1.4340379	-1.5422989	-1.4407429	-1.4341146	-2.2476616	-1.0078605	-1.3716967	-1.595135	-1.411557	-1.403328	-1.240766	-2.0379333	-1.5306395	-2.7645693	-2.449842	-2.270481	-2.1506693	-2.192904	-1.661665	-2.7700844	-2.5671217	-2.1511204	-3.2299044	-2.2075403	-1.6960725	-2.4624934	-2.3856475	-1.4970235	-2.3559682	-1.6551415	-2.3834836	-1.7607387	-1.7617677	-1.2709503	-1.4475389	-2.104638	-1.6320857	-1.6560766	-1.5976892	-1.730259	-1.6550847	-2.0570323	-1.7800617	-1.1731758	-1.5515455	-1.9133238	-1.4685236	-2.6933033	-1.3841482
expr_pc2	0.5657623	0.5593924	0.80128014	-0.24793692	0.8662547	0.61041886	0.9267707	1.0870742	0.86133474	-0.08297173	-0.24712074	0.5090884	-0.37796676	0.3927739	-0.20764399	0.29768366	-0.32229847	0.25122273	-0.47558516	0.3418818	0.19124147	-0.19824377	-0.34871417	-0.2347233	0.9764311	-1.2800026	0.19701026	-1.0433837	-0.1069463	-0.82736385	-1.223616	-0.6486931	-0.9747124	-1.1913341	-0.4473397	-1.3429706	1.0911729	-0.14579517	-0.53044564	-0.33766022	0.17301512	-0.576485	-0.4080793	-0.24550538	0.10786215	-0.62066734	-1.0604864	-1.1006091	0.09327139	-0.62367564	0.43836835	-0.6043254	-1.2928439	0.1702979	0.39170024	-1.2713403	-0.26134866	0.120064355	0.5530501	0.11452619	-0.4121626	0.5423565	-0.9432998	-0.32774803	0.22277775	0.0699121	0.26178426	-0.47741327	0.42139187	-0.6711509	0.09362097	-0.0688729	0.0912097	-1.2881922	-0.35137874	-0.7210369	-0.7832489	-0.4981809	-0.5167101	-0.024069933	0.8544986	-0.8940682	0.57177067	-0.21195334	0.48870432	0.19308934	-0.9197448	0.2714359	-0.9938969	0.045134515	-0.5093082	-0.64456475	-0.62134856	-0.12507103	0.024913682	-1.0392609	-0.48129696	-0.81685597	-0.47048682	-0.6236241
geno_pc1	-0.0579254	0.046043	0.0204155	0.016489	0.00908777	0.018029	-0.00435754	-0.0209337	-0.0204503	0.00121604	-0.0481545	-0.0166926	-0.00479127	0.0228562	0.00843299	-0.0424845	-0.011306	0.0240659	0.0115114	0.00833496	0.018419	-0.00463976	-0.00366834	0.00254995	-0.00743882	0.00208005	-0.00939143	0.0374732	-0.0030908	-0.00413173	0.0601893	0.0194752	0.0116176	0.00447561	-0.000684479	-0.015199	-0.0606145	0.0187915	0.00784898	0.0101714	-0.0115127	0.0292709	-0.0267852	-0.230402	0.0418119	0.0326867	-0.000520783	0.00214261	0.0161097	0.00558895	0.00763918	0.00982694	0.00136542	0.0162472	0.00461198	0.00128715	0.034971	-0.00614439	-0.0346644	-0.0207145	0.0310817	0.013637	-0.0285544	0.0143681	0.00928752	-0.233016	-0.0101179	0.000475235	0.0234854	-0.00750142	-0.100759	-0.0144183	-0.0421634	-0.058056	-0.236191	0.00115905	0.019549	0.00714381	0.0121156	-0.0295134	0.00260899	0.0203796	0.0161773	0.0356332	0.0116748	-0.0072565	0.01389	-0.0104747	0.00645341	0.0368357	-0.000329369	0.00406828	0.00635513	0.0127708	0.00242766	-0.000785511	0.0375778	-0.0100562	0.0230803	-0.00626368
geno_pc2	-0.0487205	-0.0316485	0.0196976	-0.013575	0.0268159	0.0339905	-0.0159026	0.0310121	0.0382482	0.0188437	-0.00719043	0.0176452	0.00428439	-0.0697226	0.0148419	0.00980139	0.0131208	0.0146233	0.0127913	0.0202204	-0.0280341	-0.0103097	0.00493959	-0.0142679	0.00685459	-0.0448937	-0.035753	-0.0351047	0.0211304	0.00563488	-0.0500199	-0.00921388	0.0151897	0.00476419	-0.00273791	0.0250959	-0.0058015	-0.00745286	0.0281417	0.0279273	0.0222526	-0.0359847	0.0040143	-0.00964654	0.0203915	-0.00726054	0.0101611	-0.0178985	0.01084	0.0258832	-0.037811	0.00245843	-0.048585	-0.0747819	-0.0273557	0.0186175	-0.048941	-0.0479086	-0.004944	0.0278554	0.0101469	0.0159922	-0.00174966	0.00376276	-0.030884	-0.02405	0.0231845	-0.01165	-0.0467641	0.00785057	-0.0206102	0.0148016	-0.00516838	-0.0319151	-0.0630502	-0.020219	-0.018369	-0.0556785	-0.00109028	-0.00388733	0.0320347	-0.0350875	0.0259534	-0.0327527	0.0308453	0.0214616	-0.020389	0.0173989	-0.056029	0.0278213	-0.00677127	0.00502844	-0.0317066	0.0133163	0.0372943	0.0236286	0.029604	0.0235339	-0.0374791	-0.00961772
geno_pc3	-0.0549083	0.0350097	-0.0210804	0.0628883	0.0188473	-0.0149019	0.0119341	0.0271058	-0.0398183	0.0121314	-0.0879698	-0.0592559	-0.0418466	-0.00527569	-0.00220856	-0.00335601	-0.00553348	0.0353085	0.0384272	0.00480763	0.0202615	0.0291713	-0.068876	0.0116515	-0.00141353	-0.0156056	-0.0414142	-0.00476695	0.0347291	-0.0531316	-0.019135	0.0441444	-0.0264237	0.022449	0.000846988	-0.00497752	0.0081273	0.00945141	-0.0245047	0.0193016	0.0336293	-0.00125186	7.77575e-05	0.0475526	0.0424092	0.0908845	0.0217767	-0.00450819	0.0596595	0.0339527	-0.0169549	-0.0427005	0.0151415	-0.0451186	0.01179	0.0307369	-0.00882705	0.013622	-0.00423528	-0.00599655	-0.00951228	-0.0384784	0.0364647	-0.00828499	-0.00667317	0.0451378	-0.00535752	0.00148148	0.0516314	-0.0220175	0.014908	-0.0180803	-0.0686352	0.0288436	0.065209	-0.00223773	0.0105525	-0.040286	0.0163005	0.0108916	-0.0320375	-0.00607542	0.0325466	0.0184139	-0.0394277	0.0147004	-0.0310201	-0.0350718	-0.0355649	0.0241291	-0.00774396	-0.0106038	-0.001845	-0.0025598	0.0295991	-0.0637941	0.0527841	0.0358177	-0.0758249	0.0083423
geno_pc4	0.0377299	-0.0166583	-0.00945425	-0.00614844	-0.0197507	0.00920554	-0.00105555	0.0193326	0.0248502	0.0102634	0.0196582	0.0507342	0.00883662	0.0155029	-0.0236176	-0.00310057	-0.00977006	-0.0655464	0.0363714	0.0193974	0.00644043	0.0180406	0.0122935	-0.0222505	0.0103898	-0.0316061	0.0210173	0.0189349	-0.027477	-0.0275551	-0.00315151	0.0249148	0.0273518	0.0186677	0.0203357	-0.00408132	-0.0334407	0.0125494	0.0277196	0.0480409	-0.0121706	0.0179355	0.0478837	0.000503749	0.044794	0.0726914	-7.09024e-05	-0.00443671	-0.0188903	0.0233498	0.0275696	0.00834326	-0.0327749	-0.0134023	0.0135207	0.0378391	-0.00407007	-0.0074672	-0.0031325	0.00182697	0.0265644	-0.0256776	-0.0272613	0.0572028	0.0206589	-0.043357	-0.0453295	0.0401846	-0.00875769	0.0191097	-0.0294566	-0.011221	0.0385278	-0.00690541	-0.00715056	-0.0410947	0.00627061	0.0391928	0.0124546	0.0174109	9.18607e-05	-0.0282034	-0.0463411	0.0122459	0.024932	0.00911391	0.0176308	-0.0468226	-0.0159507	0.0303081	0.00125968	-0.0154657	-0.025973	0.00537008	0.0140157	0.029276	-0.0398698	0.0101227	0.0256452	-0.0332614
geno_pc5	-0.0205532	0.0165877	0.0128047	-0.0714781	-0.0306289	-0.0160889	0.00240847	0.0401961	-0.0165756	0.00943148	-0.0415913	0.0137791	-0.00322108	0.0201232	-0.00253317	-0.0106625	-0.00955969	0.0578295	-0.0299386	-0.0313434	0.00111689	0.0331936	0.00368194	0.0148406	-2.51881e-05	-0.0398614	0.00610812	-0.00384853	0.0102559	0.000716699	0.0336417	-0.0131637	0.0209141	-0.00852229	-0.0563492	-0.0325772	0.0551525	0.0179265	-0.00833344	-0.0115271	-0.00325258	0.00367615	-0.0100422	-0.00561874	-0.0325589	-0.032131	0.0122746	0.00801	0.00138264	0.00696967	0.0137709	0.0444303	-0.0164001	-0.00192773	0.0138861	-0.0017679	-0.0184816	-0.0101006	0.056774	0.0201339	0.0261752	-0.0447771	-0.029748	0.0323323	-0.00279053	0.094223	0.00398319	-0.0573033	-0.0234978	0.00440022	0.0300177	0.0100543	-0.0151412	-0.0280209	0.000121156	0.0313158	0.0130534	0.00761193	0.0552572	-0.0118266	0.0292349	-0.00567958	0.0574883	-0.0619066	0.0571793	-0.0118781	-0.0133288	-0.00355171	-0.0153844	0.0284555	0.0110069	0.0203162	0.00328008	0.0441536	0.00720036	0.00666379	0.0196603	-0.00549834	0.0109776	0.0246333
geno_pc6	0.0042346	-0.0186913	-0.0435297	-0.00574416	0.00277484	0.0401393	0.0199387	0.00517561	0.0297841	-0.0351456	-0.0910169	0.039512	-0.038101	0.0213055	-0.0099891	0.0344388	-0.0459882	0.137977	-0.0286269	-0.0198704	-0.00258816	-0.0263095	0.0201315	0.023386	-0.00382089	-0.0119771	0.0267305	-0.0106801	-0.0077653	-0.0461719	-0.0429587	0.0667507	0.00694518	0.0341977	0.0313019	-0.0338583	-0.0109703	-0.0383324	0.0272911	-0.00235099	0.00133693	-0.00614247	0.00655722	0.0387607	0.022496	-0.0395835	-0.0453509	0.0361919	-0.0150833	0.00304333	-0.00577509	0.0343016	-0.0150694	-0.0255985	-0.000477793	-0.0205736	-0.00402497	-0.009786	-0.0649882	0.0139013	0.0189655	-0.061812	-0.0607601	-0.0208417	0.0103174	0.0299254	-0.0271309	0.016118	-0.00250758	0.0246565	0.0119611	-0.034722	-0.0391655	0.0157714	0.0174896	-0.00562054	-0.00820265	0.0189795	-0.00772255	-0.00403057	0.00644774	-0.0222509	-0.0320922	-0.00166059	0.0117958	0.0122145	0.0249419	-0.0412974	0.022414	0.00239313	0.027658	-0.046421	0.0307685	-0.00686377	-0.00369065	0.0626102	0.0218848	-0.00691912	0.0242884	-0.0367846
